Cine sunt eu? Autenticitatea si limitele sale morale;2;44;9786069659601;1;2;;1;1;0
Puritani si puritane;2;60;9786069659045;1;2;;1;1;0
In locul sinelui;2;59;9786069659038;1;2;;1;1;0
Liturghie si contemplatie;2;16;9786068680644;1;2;;1;1;0
Exponential;2;37;9786068993768;1;2;;1;1;0
Cum sa devii un luptator in rugaciune;2;27;9786068432991;1;2;;1;1;0
Rezolva prin rugaciune;2;25;9786068432359;1;2;;1;1;0
Cum se schimba oamenii;2;43;9786069631584;1;2;;1;1;0
Terapie 1 la 1 cu sinele tau;2;63;9786069639856;1;2;;1;1;0
Dragoste nebuna;2;36;9789731813387;1;2;;1;1;0
O faptura atat de minunata;2;48;9786060311232;1;2;;1;1;0
Ritmuri sacre;2;31;9786068314204;1;2;;1;1;0
Sprijinitorul semenilor;2;31;9786069234686;1;2;;1;1;0
Dragostea actioneaza;2;35;9786068712185;1;2;;1;1;0
O dragoste care merita daruita;2;40;9789731813745;1;2;;1;1;0
Lider pentru o noua generatie;2;21;9789737996275;1;2;;1;1;0
O dragoste indrazneata;2;51;9786069399217;1;2;;1;1;0
Istoria lui Dumnezeu;2;64;9786064309563;1;2;;1;1;0
Despre natura umana;2;31;9789735078157;1;2;;1;1;0
Poarta cerului;2;64;9786060971801;1;2;;1;1;0
Ganduri catre sine insusi;2;34;9789735076276;1;2;;1;1;0
Apocalipsa. Mari dezastre din trecut;2;69;9789734685943;1;2;;1;1;0
Ora 25;2;41;9786066951104;1;2;;1;1;0
Adevarul despre minciuna;2;53;9786068977751;1;2;;1;1;0
Despre avort;2;22;9786067321593;1;2;;1;1;0
Despre casatorie;2;22;9786067321173;1;2;;1;1;0
Tulburatoarele descoperiri ale harului;2;42;9786067321135;1;2;;1;1;0
Rezilienta - reconstruirea dupa un traumatism;2;14;9786068944173;1;2;;1;1;0
A avea sau a fi;2;52;9786064010957;1;2;;1;1;0
Arta de a fi;2;37;9786064006400;1;2;;1;1;0
Limbajul uitat. O introducere in intelegerea viselor;2;37;9786064006196;1;2;;1;1;0
Dificila regasire a virtutii;2;42;9786306543106;1;2;;1;1;0
Despre suflet si inviere;2;32;5948417030348;1;2;;1;1;0
Povestea ta a inceput demult;2;52;9786067199321;1;2;;1;1;0
Rugaciune pentru Cernobil;2;55;9786063340536;1;2;;1;1;0
Ce nu am scris in cartile mele. Memorii;2;53;9786063389399;1;2;;1;1;0
Rusinea. Vocea, experienta si vindecarea rusinii;2;50;5948417500209;1;2;;1;1;0
Filosofia in Evul mediu;2;137;9786064012173;1;2;;1;1;0
Gradina secreta;2;42;9786067937633;1;2;;1;1;0
Roaga-te de-a lungul unui an;2;45;9786068314709;1;2;;1;1;0
7 Lucruri pe care el nu ti le va spune;2;33;9789738895942;1;2;;1;1;0
Glorioasa cautare;2;34;9786068314792;1;2;;1;1;0
Ancora nepieritoare a dragostei;2;50;9786067322262;1;2;;1;1;0
Cine aprinde stelele;2;59;9786067322286;1;2;;1;1;0
Istovit de ascultare;2;33;9786067321302;1;2;;1;1;0
Raspunsuri biblice pentru parintii copiilor curiosi;2;37;9786067321968;1;2;;1;1;0
Educatie sexuala crestina;2;53;9786069631683;1;2;;1;1;0
Cum sa-i faci pe copiii tai sa ia aminte fara sa-ti pierzi mintile;2;43;9786069631652;1;2;;1;1;0
Modeland o inima de copil;2;26;9789737738158;1;2;;1;1;0
M-ati pierdut;2;32;9786068875651;1;2;;1;1;0
Vrajmasul dinlauntru;2;31;9786306521081;1;2;;1;1;0
Parinti pune-ti piciorul in prag;2;30;9786068626512;1;2;;1;1;0
Ce este teologia reformata;2;37;9786068626789;1;2;;1;1;0
Stilul in care iubim;2;52;9789738960367;1;2;;1;1;0
Un refugiu sigur;2;57;9786306521074;1;2;;1;1;0
Preaiubitul meu, Dietrich;2;55;9786306521036;1;2;;1;1;0
Arta mentorarii;2;40;9786068993850;1;2;;1;1;0
7. Biblia aniversara in doua culori;2;127;;1;2;;1;1;0
Biblia Negru floral;2;159;;1;2;;1;1;0
Fiinta consumata;2;31;9786069659670;1;2;;1;1;0
A trai virtuos;2;37;9786069659656;1;2;;1;1;0
Pot sa iert si eu greselile altuia?;2;42;9786069524435;1;2;;1;1;0
Invingatorul;2;65;9786068829111;1;2;;1;1;0
Orice genunchi se va pleca;2;65;9786068829241;1;2;;1;1;0
Plictisit de Dumnezeu;2;23;9789737986696;1;2;;1;1;0
Cum este Dumnezeu (copii);2;42;9786069139479;1;2;;1;1;0
Nelamurit?;2;37;9786060311034;1;2;;1;1;0
Fii maini si picioare pentru Dumnezeu;2;42;9786068712949;1;2;;1;1;0
Conversatii decisive;2;74;9786063399213;1;2;;1;1;0
Scrieri 3.Facebook;2;37;9786068944890;1;2;;1;1;0
Scrieri 4. Darul desavarsit;2;41;9786306543007;1;2;;1;1;0
Biografia lui Iisus dupa Evanghelii;2;52;9786306543137;1;2;;1;1;0
Arta de a gasi dreapta masura;2;16;9786065873513;1;2;;1;1;0
City Changers;2;48;9786069570616;1;4;9786069570616.jpg;1;1;0
Chemarea Imparatiei;2;64;9786069570609;1;4;9786069570609.jpg;1;1;0
Cum gandeste lumea;2;53;9786063371448;1;2;;1;1;0
Traind cu zeii;2;64;9786063356322;1;2;;1;1;0
Painea si lumina vietii;2;31;9786306543229;1;2;;1;1;0
Excludere si imbratisare;2;66;9786068282985;1;2;;1;1;0
Sfarsitul amintirii;2;69;9786069570623;1;4;9786069570623.jpg;1;1;0
Mesageri ai sperantei;2;11;9786069570630;1;4;9786069570630.jpg;1;1;0
Ne facem bine;2;48;9789735066161;1;2;;1;1;0
Cum sa le vorbim copiilor astfel incat sa ne asculte;2;53;9786064401571;1;2;;1;1;0
Identitatea virtuala. Cum si de ce ne transforma retelele de socializare;2;43;9789735079789;1;2;;1;1;0
Misterul raului. Benedict XVI si sfarsitul veacurilor;2;27;9789735062064;1;2;;1;1;0
Noile drumuri ale servitutii noastre. Alienare, uniformizare, supunere;2;31;9789735079901;1;2;;1;1;0
Aventura dezamagirilor;2;31;9789735079956;1;2;;1;1;0
Atunci cand viata te pune la incercare;2;51;9786069770818;1;2;;1;1;0
Imaginarul teologic penticostal;2;64;9786069570647;1;4;9786069570647.jpg;1;1;0
Inima in cautare;2;22;9789738090897;1;2;;1;1;0
Viata crestina normala;2;23;9789738090200;1;2;;1;1;0
Profetul;2;16;9789738471672;1;2;;1;1;0
Combustibil pentru suflet;2;57;9786060311614;1;2;;1;1;0
Ca toti sa fie mantuiti;2;42;9786069659816;1;2;;1;1;0
Salvarea naturii;2;31;9786069659793;1;2;;1;1;0
Indumnezeirea omului;2;22;9786069659786;1;2;;1;1;0
Infinitul intr-o trestie;2;55;9786069783337;1;2;;1;1;0
Darul iubirii. Profetul. Nebunul.;2;0;5948417490166;1;2;;1;1;0
Ortodoxii politice;2;56;9786069570654;1;4;9786069570654.jpg;1;1;0
Ce putem spera;2;37;9789731417134;1;2;;1;1;0
Taina lui Hristos. Viata in moarte.;2;27;9789731368573;1;2;;1;1;0
Ghid complet de consiliere in criza si trauma;2;90;9786306513185;1;2;;1;1;0
Persoana cautata - De ce este Isus inca important;2;80;9786306513222;1;2;;1;1;0
Regulile Marii Rosii;2;31;9786306521159;1;2;;1;1;0
Trezirea spirituala autentica;2;55;9786067322385;1;2;;1;1;0
Casnicia cere mai mult decat dragoste;2;37;9786068314679;1;2;;1;1;0
Confesiunile unui crestin jalnic;2;32;9786068314822;1;2;;1;1;0
Pia libertas;2;80;9786060811527;1;2;;1;1;0
Ordine in universul interior;2;52;9786306513321;1;2;;1;1;0
Metoda pastorala contemporana;2;48;9786306513215;1;2;;1;1;0
Cele mai profunde dorinte;2;42;9786306513208;1;2;;1;1;0
Sicut in caelo et in Terra;2;85;9786306543243;1;2;;1;1;0
Splendoarea pamântului;2;66;9786069570661;1;4;9786069570661.jpg;1;1;0
Intregire si reconciliere;2;66;9786069570685;1;4;9786069570685.jpg;1;1;0
Ce inseamna sa fii om;2;37;9786060811367;1;2;;1;1;0
O viata ce merita traita;2;69;9786064020536;1;2;;1;1;0
Cum sa traiesti o viata buna;2;43;9786063334337;1;2;;1;1;0
Maria. Cea mai stralucita educatoare;2;35;9786066394130;1;2;;1;1;0
Introducere in ecoteologia evanghelica;2;69;9786069570678;1;4;9786069570678.jpg;1;1;0
Darul profetic. Cum sa auzi vocea lui Dumnezeu;2;30;9786069422403;1;4;9786069422403.jpg;1;1;0
Detoxifierea sufletului;2;30;9786069422410;1;4;9786069422410.jpg;1;1;0
Traieste visul lui Dumnezeu;2;53;9786069422427;1;4;9786069422427.jpg;1;1;0
Traieste la inaltime;2;32;9786069422434;1;4;9786069422434.jpg;1;1;0
Consolideaza mostenirea familiei tale;2;25;9786069422441;1;4;9786069422441.jpg;1;1;0
Start de la linia de sosire;2;30;9786069422458;1;4;9786069422458.jpg;1;1;0
Cultura in schimbare;2;31;9789737908797;1;2;;1;1;0
Asta inseamna marketing;2;63;9786067223491;1;2;;1;1;0
Intelegand oamenii;2;37;9789738669871;1;2;;1;1;0
Cele cinci tentatii ale unui ceo;2;42;9786067413540;1;2;;1;1;0
Produced by faith;2;53;9781451671964;1;2;;1;1;0
Rezist la refuz;2;37;9789731621999;1;2;;1;1;0
Poate stiinta explica totul?;2;37;9786069465448;1;2;;1;1;0
Frangere si har;2;43;9786067321364;1;2;;1;1;0
Ce esti tu dragoste;2;40;9786067321449;1;2;;1;1;0
Vocatia uceniciei;2;30;9786067321401;1;2;;1;1;0
Biblia ca literatura;2;45;9786068626390;1;2;;1;1;0
Cum sa crestem razboinicii de maine;2;45;9786069451526;1;2;;1;1;0
Istoria gandirii crestine;2;69;9789738998230;1;2;;1;1;0
Jocul infinit;2;59;9786067223880;1;2;;1;1;0
De ce este greu sa-l iubesti pe Isus;2;22;;1;2;;1;1;0
Visul Romaniei mari;2;22;9786066666831;1;2;;1;1;0
Paternitatea si indrumarea duhovniceasca;2;43;9789737859877;1;2;;1;1;0
Lifework groups-caiet de lucru;2;20;9786069422496;1;4;;1;1;0
In criza de har;2;45;9789737758903;1;2;;1;1;0
Timpul imparatiei;2;48;9786069499603;1;4;9786069499603.jpg;1;1;0
Rugaciuni periculoase;2;37;9786060310587;1;2;;1;1;0
Starea artelor;2;22;9789739317269;1;2;;1;1;0
Alerta rosie;2;35;9786068712499;1;2;;1;1;0
Cum sa o scot la capat pana la sfarsitu lunii;2;22;9789737738981;1;2;;1;1;0
Tot ce merita Dumnezeu;2;32;9786068712451;1;2;;1;1;0
Shalom;2;27;;1;2;;1;1;0
Cum sa starnim o cultura a multiplicarii;2;27;9788293259886;1;4;9788293259886.jpg;1;1;0
Isus boteaza intr-un singur Duh Sfant;2;22;9789738983717;1;2;;1;1;0
Tradarea occidentului;2;45;9786069475874;1;2;;1;1;0
Iata ei stau la usa si bat;2;24;9786067320374;1;2;;1;1;0
Manifest pentru Isus;2;30;9786068282879;1;2;;1;1;0
Momente cruciale din istoria bisericii;2;80;9786067321708;1;2;;1;1;0
Ghidul adolescentului pentru retele sociale;2;34;9786067321661;1;2;;1;1;0
Personajul si persoana;2;48;9786069499627;1;4;9786069499627.jpg;1;1;0
Cand sufletul asculta;2;32;9786068314419;1;2;;1;1;0
Credinta trainica;2;40;9786068626802;1;2;;1;1;0
Islamul.principii. ritualuri.evolutie.provocari.;2;32;9786063802690;1;2;;1;1;0
Initiere in lectio divina;2;16;9789731417479;1;2;;1;1;0
70 de povestiri;2;20;9789738022942;1;2;;1;1;0
Baietii - cum sa-i crestem;2;46;9786069234648;1;2;;1;1;0
Fetele - cum sa le crestem;2;43;9786068314037;1;2;;1;1;0
2000 de ani de evidente ale manifestarii Duhului Sfant in viata Bisericii;2;37;9789738998933;1;2;;1;1;0
Botezati in Duhul;2;45;9789738998926;1;2;;1;1;0
Duhul sfant turnat peste orice faptura;2;59;9786067321609;1;2;;1;1;0
Razboiul zeilor;2;37;9786067321500;1;2;;1;1;0
Secretul calauzirii;2;23;9786068626772;1;2;;1;1;0
Nu este dragoste mai mare;2;31;9786068626796;1;2;;1;1;0
Glasul profetului;2;32;9786068626215;1;2;;1;1;0
Puterea lui Dumnezeu pentru viata ta;2;36;9786068626086;1;2;;1;1;0
Cateheza si catehumenat in primele veacuri ale bisericii;2;59;9786066666619;1;2;;1;1;0
Talcuire la psalmi;2;73;9786066669603;1;2;;1;1;0
Dumnezeu si pandemia;2;32;9789731990682;1;2;;1;1;0
Vise naruite;2;40;9789738669840;1;2;;1;1;0
Cand Dumnezeu e de neinteles;2;28;9789738823747;1;2;;1;1;0
Nu te teme de nimic;2;37;9786068314549;1;2;;1;1;0
Pledoarie pentru dialog;2;65;5948422019475;1;2;;1;1;0
Invierea;2;37;9789731990477;1;2;;1;1;0
Planificarea creativa a vietii 3.0;2;53;9786069499634;1;4;9786069499634.jpg;1;1;0
Te-as placea daca ai semana mai mult cu mine;2;41;9786060310044;1;2;;1;1;0
Cele cinci limbaje ale iubirii pentru cei singuri;2;43;9786063336317;1;2;;1;1;0
Varstele iubirii;2;27;9786066666008;1;2;;1;1;0
Casnicia mult visata;2;45;9786064406880;1;2;;1;1;0
Cine sunt eu in Cristos;2;37;9786068282961;1;2;;1;1;0
Extraordinar;2;32;9786068218724;1;2;;1;1;0
Conducerea cutezatoare;2;32;9786068993119;1;2;;1;1;0
Tulburarile psihice si patologia duhului;2;23;9786066667708;1;2;;1;1;0
Reflectii - o calatorie duhovniceasca;2;16;9786066662918;1;2;;1;1;0
Problemele iubirii vol 3;2;35;9786066668361;1;2;;1;1;0
Problemele iubirii vol 2;2;37;9786066668354;1;2;;1;1;0
Viata spirituala a marilor compozitori;2;26;9786066668323;1;2;;1;1;0
Stiinta , religie si naturalism. Unde rezida de fapt conflictul?;2;47;9786068680279;1;2;;1;1;0
Rasul patriarhilor. O antropologie a deriziunii in patristica greaca;2;50;9786069659021;1;2;;1;1;0
In sfera tacerii. Richard Wurmbrand in dosarele securitatii;2;69;9786068680699;1;2;;1;1;0
Legamantul lui Dumnezeu. Trei eseuri despre unitatea scripturii;2;27;9786069659274;1;2;;1;1;0
Mitul schismei si alte eseuri;2;29;9786069659298;1;2;;1;1;0
Capodopera lui Dumnezeu si alte eseuri;2;26;9786069659243;1;2;;1;1;0
Religie fara stres;2;34;9789735065829;1;2;;1;1;0
Arta de a iubi;2;42;9786064007513;1;2;;1;1;0
Inconjurat de idioti;2;52;9786063344763;1;2;;1;1;0
Dumnezeu este aventura mea;2;45;9786069078228;1;2;;1;1;0
Cunoasterea celui preasfant;2;31;9786068626864;1;2;;1;1;0
Cetatea blestemata;2;45;9789738998711;1;2;;1;1;0
Puterea postului si a rugaciunii;2;27;9789738983939;1;2;;1;1;0
Fauritori de cultura;2;80;9786067322415;1;2;;1;1;0
Smerenia in viata credinciosului;2;37;9786067322514;1;2;;1;1;0
Sanctuarul sufletului;2;36;9786067322521;1;2;;1;1;0
Sfidarea Holocaustului;2;39;9786067321692;1;2;;1;1;0
Femeile si slujirea lor in biserica primara;2;48;9786067322705;1;2;;1;1;0
Carmuiti ca Isus;2;51;9789738448735;1;2;;1;1;0
Introducere in hinduism;2;16;9789730318807;1;2;;1;1;0
Vindecare dupa pierderea unei persoane dragi;2;37;9786068420042;1;2;;1;1;0
Pastorind caii;2;27;9789738853423;1;2;;1;1;0
Afaceri cu magari;2;27;9789738853430;1;2;;1;1;0
Jurnal - Cursul casatoriei;2;37;;1;2;;1;1;0
Jurnal - Cursul premarital;2;32;9781912263714;1;2;;1;1;0
Cursul Parenting;2;22;;1;2;;1;1;0
Afaceri ca la carte;2;64;9789735323158;1;2;;1;1;0
Cum sa devii un mentor care face uncenici  - Ghdul invatatorului;2;27;;1;2;;1;1;0
Cum sa devii un mentor care face ucenici - Ghidul Timotei;2;22;;1;2;;1;1;0
L. Blaga si D.D. Rosca;2;32;9786063718113;1;2;;1;1;0
Confesiunea inteleptului;2;20;9789731018492;1;2;;1;1;0
Cum sa ne uitam la ideologie;2;32;9786064901934;1;2;;1;1;0
Iluminatii. Esoterism, teoria complotului, extremism;2;28;9789731038483;1;2;;1;1;0
Incomod;2;27;9786067261851;1;2;;1;1;0
Terra 2.0;2;21;9786027261808;1;2;;1;1;0
Operating in the Courts of Havean;2;27;9780899854816;1;2;;1;1;0
Overcoming misscarriage abortion and loss;2;27;9783982120942;1;2;;1;1;0
The Icarus deception;2;38;9781591846079;1;2;;1;1;0
Heaven is not my home;2;37;;1;2;;1;1;0
Romanta divina, Cantarea cantarilor;2;16;9786069454305;1;2;;1;1;0
Prietenie spirituala;2;59;9786306658039;1;4;9786306658039.jpg;1;1;0
Rolul lui Ludwig Richard Conradi in dezvoltarea adventismului european si romane;2;117;9786306658022;1;4;9786306658022.jpg;1;1;0
O mie noua sute optzeci si patru;2;32;9786306500642;1;2;;1;1;0
Idolii din preajma amvonului;2;26;9786068282749;1;2;;1;1;0
Viata predata lui Dumnezeu;2;17;9786068651415;1;2;;1;1;0
Sexualitatea si suprematia lui Cristos;2;51;9789731813042;1;2;;1;1;0
Ravenna capitala Imperiului;2;96;9786068977812;1;2;;1;1;0
Copilaria, adolescenta, tineretea;2;43;9789734627998;1;2;;1;1;0
The greatest secret;2;69;9781529374988;1;2;;1;1;0
The leader in me;2;46;9786065875265;1;2;;1;1;0
Beginner`s Pluck;2;53;9780801094248;1;2;;1;1;0
Stepa si alte povestiri;2;17;9789734643554;1;2;;1;1;0
Dezamagit de crestinism?;2;37;9786069246702;1;2;;1;1;0
O istorie a Bibliei. Povestea celei mai importante carti a lumii;2;81;9789735069285;1;2;;1;1;0
De la dragostea romantica la dragostea de-o viata;2;27;9789731990033;1;2;;1;1;0
Din Cetatea lui Tu in Cetatea Cerului;2;27;6422636002755;1;2;;1;1;0
De ce avem nevoie de grupurile mici?;2;27;9789737738790;1;2;;1;1;0
Dumnezeu te iubeste;2;32;9786068875941;1;2;;1;1;0
Cum de putem trai impreuna;2;40;9789735059156;1;2;;1;1;0
Psalmii. Exegeza si comentarii mistice;2;53;9789731417660;1;2;;1;1;0
Enceliada;2;14;9786067992588;1;2;;1;1;0
Ingerul cel mai scurt inspre maine;2;22;9789738853478;1;2;;1;1;0
Sing;2;27;9780983865315;1;2;;1;1;0
Istoria Bisericii Ortodoxe Romane 2;2;85;;1;2;;1;1;0
Corectopia;2;25;9786066666954;1;2;;1;1;0
Darul desavarsit;2;28;9786066666909;1;2;;1;1;0
Cetatea sub asediu;2;30;9786066665957;1;2;;1;1;0
Agenti ai schimbarii;2;41;9786069422489;1;4;9786069422489.jpg;1;1;0
Ucenicia. Îndrumator pentru cresterea spirituala a credinciosilor;2;32;9786067320060;1;2;;1;1;0
Calea frangerii;2;45;9786068626345;1;2;;1;1;0
Indrazneste sa visezi;2;45;9786069339817;1;2;;1;1;0
Drumul schimbarii;2;45;9786069426203;1;2;;1;1;0
Trairea dupa Biblie;2;55;9786067320985;1;2;;1;1;0
Descatusand inima artistului;2;37;9786069422472;1;4;9786069422472.jpg;1;1;0
David si Goliat. outsideri, inadaptati si arta luptei cu gigantii.;2;59;9786068360744;1;2;;1;1;0
Banul tau conteaza;2;27;9789737738509;1;2;;1;1;0
Talmidim;2;27;9786068720968;1;2;;1;1;0
Istoria pierduta a crestinismului;2;64;9786068977249;1;2;;1;1;0
Doua eseuri despre paradis si o incheiere;2;42;9789735063559;1;2;;1;1;0
Dumnezeul risipitor;2;31;9786068626253;1;2;;1;1;0
Crestinul si filmele;2;39;9786067321289;1;2;;1;1;0
C.S. Lewis O viata;2;53;9786069394410;1;2;;1;1;0
Marele mister;2;39;9786069465417;1;2;;1;1;0
Haverim;2;27;9786060450016;1;2;;1;1;0
Asteptand o alta omenire;2;53;9789735062613;1;2;;1;1;0
Pe mana cui suntem?;2;43;9789735062491;1;2;;1;1;0
Puterea relatiei;2;53;9786068709048;1;2;;1;1;0
Cele cinci disfunctii ale unei echipe;2;59;9786303031774;1;2;;1;1;0
Linchpin - Esti de neinlocuit?;2;52;9786067223248;1;2;;1;1;0
Decizii extraordinare;2;59;9786067223996;1;2;;1;1;0
Cum se fac lucrurile mari;2;73;9786067225679;1;2;;1;1;0
Cantecul relevantei;2;52;9786067225884;1;2;;1;1;0
Da semn;2;26;9789731650227;1;2;;1;1;0
Iezuit. Nu cainele comunistilor;2;22;9786068680040;1;2;;1;1;0
Institutia cenzurii comuniste vol.1;2;37;9786069360255;1;2;;1;1;0
Curajul de a fi vulnerabil;2;51;9786064402349;1;2;;1;1;0
Anatomia unei biserici revitalizate;2;34;9786306658015;1;4;9786306658015.jpg;1;1;0
Autopsia unei biserici decedate;2;32;9786069570692;1;4;9786069570692.jpg;1;1;0
Despre necunoscut;2;22;9786069324165;1;2;;1;1;0
Despre ingeri;2;53;9789735054571;1;2;;1;1;0
Minima moralia;2;32;9789735057831;1;2;;1;1;0
Despre inima si alte eseuri;2;50;9789735057732;1;2;;1;1;0
Credinta si ratiune;2;26;9786066666695;1;2;;1;1;0
Imposibila pace in Mediterana;2;27;9786068944579;1;2;;1;1;0
Cristos decupat din imagine;2;37;9789735318321;1;2;;1;1;0
Transfigurari;2;87;9786306658121;1;4;9786306658121.jpg;1;1;0
Transfuzia Bisericii - Neil Cole;2;48;9789737758712;1;2;;1;1;0
Timothy Keller - biografia Collin Hansen;2;66;9786060312031;1;2;;1;1;0
Dumnezeul vailor mele;2;73;9786306513352;1;2;;1;1;0
Isus nedeslusit;2;55;9786069659892;1;2;;1;1;0
Analiza semantica a unor termeni din Noul Testament;2;13;;1;2;;1;1;0
Dictionar de etica;2;0;9786067322873;1;2;;1;1;0
Dictionar de studii biblice;2;37;9786067322866;1;2;;1;1;0
Dictionar de termeni teologici;2;37;9786067322859;1;2;;1;1;0
Dictionar de termeni liturgici;2;0;9786067322842;1;2;;1;1;0
Cascarici;2;27;9786306658152;1;4;9786306658152.jpg;1;1;0
Occidentul debusolat;2;48;9786306543700;1;2;;1;1;0
Imaginatia profetica;2;64;9786306658107;1;4;9786306658107.jpg;1;1;0
Arhitecti ai binelui comun;2;96;9786306658169;1;4;9786306658169.jpg;1;1;0
Invataturi care schimba vieti;2;40;9789731621357;1;2;;1;1;0
Cum sa predai ca un campion;2;0;9786064006615;1;2;;1;1;0
Pedagogia deuteronomista;2;80;9786306658183;1;4;9786306658183.jpg;1;1;0
Ce-o fi fost in capul meu?;2;50;9786306658251;1;4;9786306658251.jpg;1;1;0
Viitorul lumii crestine;2;120;9786306658176;1;4;9786306658176.jpg;1;1;0
Viata si minunile Sf. Gherasim - izgonitorul demonilor;2;10;9786068451909;1;2;;1;1;0
Iubeste-l pe Dumnezeu cu toata mintea ta;2;32;9789731990422;1;2;;1;1;0
Este sufletul nemuritor;2;0;9789730415605;1;2;;1;1;0
Adevar pentru viata;2;65;9789731990989;1;2;;1;1;0
Biblia zilnica;2;0;9781957770376;1;2;;1;1;0
Holy Bible - easy to read;2;0;9781946110978;1;2;;1;1;0
Poveste amuzanta;2;0;9786303420004;1;2;;1;1;0
Trasaturile si tentatiile oamenilor de succes;2;53;9786069486672;1;2;;1;1;0
Cornilescu - din culisele publicarii;2;59;9786069469491;1;2;;1;1;0
Fumatul dusmanul nemilos al omenirii;2;15;9786066661461;1;2;;1;1;0
Hrana , credinta si postul;2;27;9786066666817;1;2;;1;1;0
Partituri pentru dormitor;2;36;9786069234655;1;2;;1;1;0
Intimitate aprinsa;2;43;9786068314396;1;2;;1;1;0
Gata cu durerile de cap;2;33;9786068314471;1;2;;1;1;0
Cum sa prosperi in ciuda unei casnicii dificile;2;36;9786068314518;1;2;;1;1;0
Cum sa crestem in viata de rugaciune?;2;39;9786069365069;1;2;;1;1;0
Misiunea lui Dumnezeu;2;85;9786067320497;1;2;;1;1;0
Avraam tatal tuturor credinciosilor;2;37;9786066980128;1;2;;1;1;0
Oracolele lui Dumnezeu;2;28;9786066980159;1;2;;1;1;0
Educatia sexuala in familie;2;37;9789730257038;1;2;;1;1;0
Crestinul ateu;2;34;9789738960381;1;2;;1;1;0
Planificarea creativa a afacerii;2;64;9786069499689;1;4;9786069499689.jpg;1;1;0
Vesnicia in desfasurare;2;35;9786060310433;1;2;;1;1;0
Suflete cusute;2;30;9786064401076;1;2;;1;1;0
Ajutor.mersi.wow.;2;37;9786064404558;1;2;;1;1;0
Innoirea inimii formarea caracterului cristic;2;49;9786068314426;1;2;;1;1;0
Innoirea inimii in practica zilnica;2;35;9786068314433;1;2;;1;1;0
Trairea in prezenta lui Cristos;2;31;9786068314273;1;2;;1;1;0
Ucenicia la biserica real life;2;33;9786068314532;1;2;;1;1;0
Dogmatica experientei ecleziale;2;37;9789739344326;1;2;;1;1;0
Ortodoxie si evanghelism - Trei perspective;2;48;9786067320213;1;2;;1;1;0
Omul recent;2;95;9789735066970;1;2;;1;1;0
Umbrele modernitatii;2;32;9786064901064;1;2;;1;1;0
Anatomia unei crize;2;43;9789731417868;1;2;;1;1;0
Taina artei;2;22;9786066665070;1;2;;1;1;0
Pierderea Duhului Sfant si redobandirea sa in biserica primara;2;80;9786066668798;1;2;;1;1;0
Biserici cutezatoare;2;27;9786068993669;1;2;;1;1;0
Admirabila tacere;2;27;9786067110685;1;2;;1;1;0
Transumanismul;2;42;9786064904409;1;2;;1;1;0
Consideratii inutile;2;27;9786067116311;1;2;;1;1;0
Revelatie si transformare vol.II;2;53;9786064904584;1;2;;1;1;0
Revelatie si transformare vol.III;2;43;9786064903617;1;2;;1;1;0
Solitar sau solidar;2;32;9786064901538;1;2;;1;1;0
Jurnal de pseudo-blogger;2;32;9786064904898;1;2;;1;1;0
Criza constiintei religioase;2;48;9786064900104;1;2;;1;1;0
Kerygma sau demitologizare;2;22;9786067118001;1;2;;1;1;0
De la Aristotel la John Searle si inapoi;2;22;9786067116779;1;2;;1;1;0
Elogiul prezentei;2;27;9786067118728;1;2;;1;1;0
Exilul - pedeapsa si binecuvantare;2;16;9786067114249;1;2;;1;1;0
Casatoria la romani;2;35;9786064902405;1;2;;1;1;0
In dialog.Studii de filosofie crestina;2;31;9786067113082;1;2;;1;1;0
Teologia vie in ortodoxie;2;16;9789737987570;1;2;;1;1;0
Lehamitea lui Theophil Magus;2;37;9786067115178;1;2;;1;1;0
Andrei Tarkovski. O teodicee cinematografica;2;27;9786067114386;1;2;;1;1;0
Bioetica si ameliorarea umana;2;37;9786064904829;1;2;;1;1;0
Nae Ionescu, asa cum l-am cunoscut;2;31;9789737571847;1;2;;1;1;0
Imaginatia sperantei;2;27;9786067119282;1;2;;1;1;0
Apologia dupa sfarsitul metafizicii;2;32;9786067115048;1;2;;1;1;0
Simetriile intelepciunii;2;27;9786067116526;1;2;;1;1;0
Papa Inocentiu al III-lea;2;43;9786067116656;1;2;;1;1;0
Mic tratat de estetica teologica ed.III;2;43;9786067114768;1;2;;1;1;0
Model, chip, sens;2;32;9786067117417;1;2;;1;1;0
Actualitatea apocatastazei;2;37;9786064904218;1;2;;1;1;0
Experienta religioasa in gandirea lui Dumitru Staniloaie;2;27;9786067114713;1;2;;1;1;0
Filosofie si pandemie;2;27;9786064905130;1;2;;1;1;0
Intre moartea politicii si moartea lui Dumnezeu;2;27;9786067116571;1;2;;1;1;0
Universalism romanesc;2;22;9789737579577;1;2;;1;1;0
Altul decat Dumnezeu;2;27;9786067117349;1;2;;1;1;0
Caile adevaratei rugaciuni;2;30;9786069659342;1;2;;1;1;0
Lumea ca o zi de vineri;2;26;9786069746011;1;2;;1;1;0
Minciuni, Impostura, Prostie;2;27;9786069659250;1;2;;1;1;0
Pentru o cultura a familiei: limbajul iubirii;2;27;9789731412443;1;2;;1;1;0
Ortodoxia, antidot al sufletului intristat;2;25;9786066669320;1;2;;1;1;0
Destinul erosului: perspective de morala sexuala;2;31;9789731412405;1;2;;1;1;0
Despre creatie si cadere;2;16;9789731447407;1;2;;1;1;0
Riscul iubirii;2;25;9786066667333;1;2;;1;1;0
Pacea inimii;2;40;9789731419107;1;2;;1;1;0
Scrieri esentiale;2;77;9786066669627;1;2;;1;1;0
PREDICI DESPRE MARTIRI - AGUSTIN;2;40;9786066669641;1;2;;1;1;0
PREDICI DESPRE VIRTUTILE CRESTINE;2;37;9786066668897;1;2;;1;1;0
Biserica asiriana a Rasaritului;2;40;9786066669450;1;2;;1;1;0
Rasaritul si apusul;2;61;9786066666084;1;2;;1;1;0
Sfanta liturghie pentru copii;2;32;9786066669382;1;2;;1;1;0
Cronica anonima a primei cruciade;2;27;9786066669085;1;2;;1;1;0
Calauzit de iubirea sa;2;32;9786066668651;1;2;;1;1;0
Institutie si harisma;2;27;9786066668835;1;2;;1;1;0
Hristos patiming, Grigorie de Nazianz;2;37;9786066668477;1;2;;1;1;0
Despre rabdare despre adulter;2;44;9786066668187;1;2;;1;1;0
Stiinta si religia - Sf Luca al Crimeii;2;16;9786066667425;1;2;;1;1;0
Stanca si nisip;2;37;9786066666374;1;2;;1;1;0
RECEPTAREA PARINTILOR GRECI;2;77;9786066666893;1;2;;1;1;0
Viata liturgica;2;66;9786066666763;1;2;;1;1;0
Bobul de grau. Aforisme;2;16;9789731419589;1;2;;1;1;0
Slava lui Dumnezeu- o estetica teologica vol I;2;80;9789731417462;1;2;;1;1;0
Slava lui Dumnezeu- o estetica teologica vol II;2;45;9789731417486;1;2;;1;1;0
Slava lui Dumnezeu- o teologie estetica vol IV;2;53;9789731417493;1;2;;1;1;0
Slava lui Dumnezeu- o teologie estetica vol V;2;90;9789731417509;1;2;;1;1;0
Slava lui Dumnezeu- o teologie estetica vol VI;2;48;9789731417516;1;2;;1;1;0
Slava lui Dumnezeu- o teologie estetica vol VII;2;61;9789731417523;1;2;;1;1;0
Teodramatica vol I;2;69;9789731418803;1;2;;1;1;0
Teodramatica vol II;2;48;9789731418810;1;2;;1;1;0
Teodramatica vol III;2;59;9789731418827;1;2;;1;1;0
Teodramatica vol IV;2;59;9789731419312;1;2;;1;1;0
Speranta fara optimism;2;43;9786068977362;1;2;;1;1;0
Bizant. O lume pierduta;2;64;9786068564548;1;2;;1;1;0
Introducere in istoria Bizantului;2;64;9786068977775;1;2;;1;1;0
Miracolul Bizantului;2;85;9786068977805;1;2;;1;1;0
Gaudi;2;53;9786068564357;1;2;;1;1;0
Biserica ortodoxa de Rasarit. O noua istorie;2;64;9786068977713;1;2;;1;1;0
Lectia secolului trecut;2;43;9786068977539;1;2;;1;1;0
Din tara magarilor. Insemnari;2;43;9786068977324;1;2;;1;1;0
Cel mai mare dar;2;34;9786068314143;1;2;;1;1;0
Odaia rugaciunii;2;37;9786067321937;1;2;;1;1;0
Sexualitate, puritate si tanjirile inimii oricarei fete;2;37;9786067321739;1;2;;1;1;0
Rezilienta;2;48;9786069499696;1;4;9786069499696.jpg;1;1;0
7 Barbati si secretul maretiei lor;2;41;9786060310778;1;2;;1;1;0
Consacrare cu bucurie;2;34;9789731813004;1;2;;1;1;0
Cu dragoste - Valerie Elliot;2;52;9786060310785;1;2;;1;1;0
Scrieri apocrife si viziuni profetice;2;16;9789731418490;1;2;;1;1;0
Actiunea morala;2;22;9789731411347;1;2;;1;1;0
Dumnezeu si raul;2;8;9789731410999;1;2;;1;1;0
Visele in drumul spiritual;2;11;9789731410838;1;2;;1;1;0
Mica istorie a Bisericii;2;43;9789731412139;1;2;;1;1;0
De trinitate;2;26;9789731412344;1;2;;1;1;0
Teologia pastorala (Gutenberg);2;42;9789737688705;1;2;;1;1;0
Tratat fundamental despre credinta;2;47;420775073113;1;2;;1;1;0
Barbat si femeie;2;10;9789731415611;1;2;;1;1;0
Isus din Nazaret, partea a II-a;2;52;9789731414935;1;2;;1;1;0
Radacinile vietii spirituale;2;43;9786068993638;1;2;;1;1;0
Advent;2;32;9786069513125;1;2;;1;1;0
Despre sensul vietii;2;52;9786069748534;1;2;;1;1;0
Daruind vei dobandi;2;84;9789734610846;1;2;;1;1;0
Omilii la statui vol.I+II;2;63;9789734623631;1;2;;1;1;0
Mantaua. Nasul. Insemnarile unui nebun;2;27;9789734624027;1;2;;1;1;0
Anna Karenina;2;37;9789734627943;1;2;;1;1;0
Sectantii. Mica trilogie a marginalilor;2;43;9789734669165;1;2;;1;1;0
Adolescentul;2;32;9789734653645;1;2;;1;1;0
Scandalul;2;22;9789734658671;1;2;;1;1;0
Banditii ed 2017;2;43;9789734667062;1;2;;1;1;0
Bucuria vietii;2;59;9789734614585;1;2;;1;1;0
Idiotul ed 2018;2;64;9789734672318;1;2;;1;1;0
Fratii Karamazov ed 2018;2;64;9789734672325;1;2;;1;1;0
Ferma animalelor ed 2018;2;43;9789734673797;1;2;;1;1;0
Despre numele divine. Teologie mistica;2;59;9789734676774;1;2;;1;1;0
Suflete moarte ed 2019;2;46;9789734678174;1;2;;1;1;0
Izgonitii;2;43;9789734679812;1;2;;1;1;0
O perspectiva relationala asupra schimbarilor climatice;2;0;;1;2;;1;1;0
A profetalas ajandekarol;2;0;;1;2;;1;1;0
Destinul cestinismului in postmodernism;2;69;9786069469347;1;2;;1;1;0
Biblia - EEM;2;0;9781950759927;1;2;;1;1;0
ESV -study bible;2;0;9781433502453;1;2;;1;1;0
2084 si revolutia AI;2;57;9786060313717;1;2;;1;1;0
Viata traita in puterea invierii;2;90;9789737529688;1;4;9789737529688.jpg;1;1;0
Communio sanctorum;2;120;9789737529664;1;4;9789737529664.jpg;1;1;0
Confruntarea crestinismului, Rebecca McLaughlin;2;63;9786068987286;1;2;;1;1;0
Inconjurat de psihopati;2;52;9786063380808;1;2;;1;1;0
Evadare la Roma;2;0;9786303195339;1;2;;1;1;0
Demonul cu fata alba;2;37;9786306658046;1;4;9786306658046.jpg;1;1;0
Arta razboiului, Sun Tzu;2;32;9786060091097;1;2;;1;1;0
Dinamica suveranitatii divine;2;74;9786306658077;1;4;9786306658077.jpg;1;1;0
Instrumente in mainile Rascumparatorului;2;63;9786306513314;1;2;;1;1;0
Cetateni si peregrini;2;42;9786306513567;1;2;;1;1;0
Ucenicia care transforma;2;48;9786069720103;1;2;;1;1;0
Cum putem sti daca crestinismul este adevarat?;2;29;9786067322613;1;2;;1;1;0
Cum sa ma simt mai aproape de Dumnezeu?;2;29;9786067322644;1;2;;1;1;0
De ce ingaduie Dumnezeu sa se intample lucruri rele?;2;29;9786067322620;1;2;;1;1;0
Pavel prin ochi mediteraneeni;2;152;9786068829470;1;2;;1;1;0
Construieste o casnicie mai puternica;2;31;9786068829586;1;2;;1;1;0
Cum sa devenim ca Isus;2;41;9786068829579;1;2;;1;1;0
Viata ta in Cristos;2;53;;1;2;;1;1;0
Tipare de presiune;2;58;9786068829531;1;2;;1;1;0
Manualul misionarului contemporan;2;37;9786068218076;1;2;;1;1;0
Introducere in hermeneutica: in cautarea intelesului;2;117;9786067322750;1;2;;1;1;0
Noul Testament de la Alba Iulia;2;63;9786069659984;1;2;;1;1;0
Credinta crestina si dilemele contemporane;2;53;9786306658114;1;4;9786306658114.jpg;1;1;0
Biserica si politica: cinci perspective;2;69;9786306658053;1;4;9786306658053.jpg;1;1;0
Arta de a esua cu succes;2;59;9786303051796;1;2;;1;1;0
Povesti cu lipici;2;51;9786303031781;1;2;;1;1;0
Ospitalitate fara limite;2;80;9786064417299;1;2;;1;1;0
Increderea - Henry Cloud;2;63;9786064022684;1;2;;1;1;0
Calauze;2;69;9789730397529;1;2;;1;1;0
Ucenicie in cultura imediatului;2;59;9786306658268;1;4;9786306658268.jpg;1;1;0
Crestinul in spatiul public;2;100;9786306658244;1;4;9786306658244.jpg;1;1;0
Oglinzile Paradisului;2;53;9786306658305;1;4;9786306658305.jpg;1;1;0
Cele zece tipologii umane ID produs admin: 94399;2;58.83;9786306616251;1;2;;1;1;0
Conexiuni. Inspira, influenteaza si insufla energie ID produs admin: 100470;2;0;9786064418098;1;2;;1;1;0
Jurnalul unui CEO ID produs admin: 90812;2;0;9786303053097;1;2;;1;1;0
Primal Intelligence ID produs admin: 110295;2;0;9786303055367;1;2;;1;1;0
Schimbare de perspectiva;2;50;9786060311584;1;2;;1;1;0
Atomic Habits;2;75;9786067891744;1;2;;1;1;0
Chazown;2;57;9786060311591;1;2;;1;1;0
Triburi;2;42;9786067220445;1;2;;1;1;0
Reinventarea;2;50;9786069133514;1;2;;1;1;0
Obiectiv stabilit, obiectiv atins;2;60;9786064418647;1;2;;1;1;0
Si cine este aproapele meu?;2;95;;1;4;8068.jpg;1;1;0
Puterile acestui veac;2;76;9786306658206;1;4;9786306658206.jpg;1;1;0
Copilaria lui Isus;2;44;;1;4;8070.jpg;1;1;0
Kalia;2;39;9786306658329;1;4;9786306658329.jpg;1;1;0
Flacara crestinismului timpuriu;2;65;9786306658336;1;4;9786306658336.jpg;1;1;0
Iertare si reconciliere;2;70;9786306658343;1;4;9786306658343.jpg;1;1;0
Munca si inchinare;2;68;9786306658282;1;4;9786306658282.jpg;1;1;0
FINIS;2;43;;1;2;;1;1;0
Iisus Dumnezeu si Om;2;53;9786303052328;1;2;;1;1;0
Nastere din nou sau renastere;2;13;9789731990071;1;2;;1;1;0
Vorbaria nebunilor;2;48;9786069394472;1;2;;1;1;0
Inconjurat de mincinosi;2;52;9786303429298;1;2;;1;1;0
Genialitatea lui Isus;2;50;;1;2;;1;1;0
Eroi cotidieni;2;65;9786306658435;1;4;9786306658435.jpg;1;1;0
Biserica organica;2;65;9786306658404;1;4;9786306658404.jpg;1;1;0
Suferintele de acum si slava viitoare;2;58;9786306658442;1;4;9786306658442.jpg;1;1;0
Ce si cum spui conteaza;2;40;;1;2;;1;1;0
Destinat pentru a crede? Suveranitatea lui Dumnezeu, libertatea, credinta si res;2;0;9786069465462;1;2;;1;1;0
Parno;2;39;;1;4;8276.jpg;1;1;0
Creeaza un storybrand;2;0;9786069138335;1;2;;1;1;0
Marea dez-bisericire;2;74;9786306658350;1;4;9786306658350.jpg;1;1;0
Marketingul simplificat;2;0;9786303031248;1;2;;1;1;0
Afacerile simplificate;2;0;9786303032160;1;2;;1;1;0
Erou in misiune;2;0;9786303032528;1;2;;1;1;0
Si cerul s-a umplut de sfinti;2;86;9786306658374;1;4;9786306658374.jpg;1;1;0
Abuz si restaurare in biserica;2;74;9786306658398;1;4;9786306658398.jpg;1;1;0
Libertatea de a traii ca ucenic;2;39;9786067320398;1;2;;1;1;0
Am intalnit ingeri;2;55;;1;4;8379.jpg;1;1;0
131 de crestini care merita cunoscuti;2;60;9786067321029;1;2;;1;1;0
Cum sa devii o persoana cu influenta;2;40;9789731620640;1;2;;1;1;0
Dorul Imparatiei;2;65;;1;2;;1;1;0
Enciclopedia imaginarilor vol IV;2;64;9789734682638;1;2;;1;1;0
Efectul de lupa;2;37;9789734683086;1;2;;1;1;0
Salbaticii copii dingo ed II;2;43;9789734685370;1;2;;1;1;0
Cine este Dumnezeu? Momente -cheie ale revelatiei divine;2;25;9786068626918;1;2;;1;1;0
Arta sacra bizantina;2;13;9786066666152;1;2;;1;1;0
Traind in creatia lui Dzeu;2;31;9786066665230;1;2;;1;1;0
Sf Ioan Damaschinul despre Islam;2;50;9786066664523;1;2;;1;1;0
Invatatura despre indumnezeire in traditia patristica greaca;2;73;9786066663724;1;2;;1;1;0
PARINTII BISERICII DESPRE RAZBOI;2;27;9786066664165;1;2;;1;1;0
Taina chenozei in teologia ortodoxa;2;22;9786066663526;1;2;;1;1;0
Sf Maxim Marturisitorul - o introducere;2;52;9786066660716;1;2;;1;1;0
Curajul in salbaticie.;2;45;9786064402301;1;2;;1;1;0
Imnele sfintelor Scripturi;2;41;9786066660068;1;2;;1;1;0
Imne teologice;2;37;9786068278544;1;2;;1;1;0
Canonul ortodoxiei - Canonul apostolic al primelor secole;2;318;9789737859341;1;2;;1;1;0
Cartea fiului risipitor;2;27;9789737859822;1;2;;1;1;0
De la Dionisie Areopagitul la Simeon al Tesalonicului - Integrala comentariilor;2;80;9789737859778;1;2;;1;1;0
Despre rationalitatea revelatiei;2;32;9789737859990;1;2;;1;1;0
Dumnezeul crestinilor;2;30;9786067400137;1;2;;1;1;0
Introducere in lectura duhovniceasca a Scripturii;2;22;9789737859495;1;2;;1;1;0
Mica dogmatica vorbita;2;32;9789737859273;1;2;;1;1;0
Patericul Sinait - D. Tsamis;2;32;9789737859648;1;2;;1;1;0
Pavel - Apostolul lui Iisus Mesia;2;46;9786067400212;1;2;;1;1;0
Scrisori din exil - sf. Ioan Gura de Aur;2;37;9789737859358;1;2;;1;1;0
Temeiurile duhovnicesti ale vietii;2;37;9786067400205;1;2;;1;1;0
Ziua in care a inceput revolutia;2;48;9786067400151;1;2;;1;1;0
Povestirile unui pelerin in cautarea rugaciunii neincetate;2;37;9789737859846;1;2;;1;1;0
Uneori nu imi vine sa ma rog;2;24;9789731019802;1;2;;1;1;0
Biblia pe care a citit-o Isus;2;27;9789737986139;1;2;;1;1;0
Biserica frustrare si implinire;2;18;;1;2;;1;1;0
Trilogia ucenicului- Comunitatea buna si frumoasa;2;28;;1;2;;1;1;0
Trilogia ucenicului- Dumnezeu, Cel bun si frumos;2;28;;1;2;;1;1;0
Trilogia ucenicului- Viata buna si frumoasa;2;28;9789737986849;1;2;;1;1;0
Unde este Dumnezeu cand sufar;2;32;9789738543836;1;2;;1;1;0
Biblia NTR;2;96;;1;2;;1;1;0
Teologia dupa revolutia copernicana;2;23;9786069203026;1;2;;1;1;0
Imparatia si gloria;2;45;9786068437941;1;2;;1;1;0
Exod si revolutie;2;29;9786069297865;1;2;;1;1;0
Revolutia sfintilor;2;40;9786068437217;1;2;;1;1;0
Lizibilitatea lumii;2;51;9786069297803;1;2;;1;1;0
Drumul de foc;2;40;9786068987354;1;2;;1;1;0
Exista speranta;2;32;9786068987248;1;2;;1;1;0
Dragostea izgoneste frica;2;27;9786069417652;1;2;;1;1;0
Comedii la portile Orientului;2;36;9789735055950;1;2;;1;1;0
Dialoguri de duminica;2;58;9789735073213;1;2;;1;1;0
Nelinisti vechi si noi;2;69;9789735053031;1;2;;1;1;0
Fata catre fata;2;36;9789735043537;1;2;;1;1;0
1 si 2 Corinteni.Traducere si comentariu.;2;117;9786067321999;1;2;;1;1;0
Tanjirea dupa Dumnezeu;2;55;9789738998667;1;2;;1;1;0
Interpretarea culturilor;2;67;9786068437309;1;2;;1;1;0
Ispita binelui este mult mai periculoasa decat ispita raului;2;18;9786068944210;1;2;;1;1;0
Rezilienta. Convorbire cu Boris Cyrulnik;2;16;6424875000646;1;2;;1;1;0
Scrieri 2. Iacob si ingerul;2;43;9786068944722;1;2;;1;1;0
Scrieri 1. Puterea schismei;2;55;9786068944623;1;2;;1;1;0
Epicentru;2;60;9789731813547;1;2;;1;1;0
20 de ani in Siberia;2;61;9789735054038;1;2;;1;1;0
De ce ne plac supereroii?;2;37;9789734687947;1;2;;1;1;0
Oglinda, oglinjoara;2;37;9786069469439;1;2;;1;1;0
Lexicon de critica biblica;2;74;9786069469415;1;2;;1;1;0
Costul uceniciei;2;69;9786306658145;1;4;9786306658145.jpg;1;1;0
Cornilescu;2;83;9786306658091;1;4;9786306658091.jpg;1;1;0
Dragi fanatici;2;25;9786067794250;1;2;;1;1;0
Evreii si cuvintele;2;37;9786067793345;1;2;;1;1;0
Intrebari si raspunsuri din Biblie;2;32;9786067321951;1;2;;1;1;0
Iarna razboiului;2;44;9786067322057;1;2;;1;1;0
Invazia nevazuta;2;44;9786067322033;1;2;;1;1;0
Sabiile Rhema;2;44;9786067322040;1;2;;1;1;0
Dumnezeu si viata de apoi;2;37;9789735072322;1;2;;1;1;0
Lumea Sofiei;2;64;9789993186786;1;2;;1;1;0
Viata cu Dumnezeu;2;25;9786068626963;1;2;;1;1;0
Etica Vechiului Testament;2;83;9786067321180;1;2;;1;1;0
Comentariul cultural istoric al Vechiului Testament;2;175;9786067320046;1;2;;1;1;0
Impacarea cu tine insuti;2;63;9786069639054;1;2;;1;1;0
Avutia religiilor;2;45;9789735072551;1;2;;1;1;0
Surprins de speranta;2;40;9786068432953;1;2;;1;1;0
Dumnezeu e mai aproape decat crezi;2;50;9789738737976;1;2;;1;1;0
Ia-ti viata inapoi;2;40;9786060310891;1;2;;1;1;0
Limite in curtare;2;45;9786068247236;1;2;;1;1;0
Drumul catre tine insuti si mai departe;2;64;5948486006459;1;2;;1;1;0
Rebeliune in marketing;2;28;9786068944494;1;2;;1;1;0
Prigoniti, dar nu parasiti;2;52;9786068987798;1;2;;1;1;0
Pneumatologie. Duhul Sfant dintr-o perspectiva ecumenica;2;59;9786067322132;1;2;;1;1;0
Antreprenorul din Ierusalim;2;37;9786060452669;1;2;;1;1;0
Zapping prin Biblie;2;106;9786060066538;1;2;;1;1;0
Ucenicie financiara;2;37;;1;2;;1;1;0
Cu tine Doamne la munca;2;24;9786060452690;1;2;;1;1;0
Desfiintarea granitei dintre sacru si secular;2;21;9786060452546;1;2;;1;1;0
Invinge rutina de fiecare zi;2;17;9786060450238;1;2;;1;1;0
Liber de datorii;2;24;9789731734576;1;2;;1;1;0
Pasi esentiali pe calea cresterii spirituale;2;42;9786067322149;1;2;;1;1;0
Despre minciuna;2;27;9789735045548;1;2;;1;1;0
Nascuti pentru a trai;2;32;9786067074970;1;2;;1;1;0
Cu sufletul ramas în viata;2;53;9786069499641;1;4;9786069499641.jpg;1;1;0
Biblia ilustrata;2;43;9786066000215;1;2;;1;1;0
Ce-mi place  mai mult la cum sunt eu;2;24;9786063340048;1;2;;1;1;0
Ce-mi place mai mult la scoala mea;2;24;9786063340031;1;2;;1;1;0
Calatoria crestinului si calatoria crestinei;2;42;9786067322224;1;2;;1;1;0
Camasa lui Cristos;2;52;9786068282022;1;2;;1;1;0
Marele pescar;2;59;9786067322231;1;2;;1;1;0
Actul periculos al inchinarii;2;25;9789737986924;1;2;;1;1;0
Epidemia singuratatii;2;32;9786068829296;1;2;;1;1;0
Intruparea credintei;2;25;9789737986900;1;2;;1;1;0
Punti spre integritate;2;25;9789737986887;1;2;;1;1;0
Razboiul invizibil;2;30;9789737986184;1;2;;1;1;0
Identitati ucigase;2;37;9789734691401;1;2;;1;1;0
Cumpana stiintei;2;22;9786068944685;1;2;;1;1;0
Elogiul moderatiei;2;37;9786068944845;1;2;;1;1;0
Dificultati conjugale;2;6;9789739586993;1;2;;1;1;0
Am supravietuit Holocaustului;2;42;9786067322217;1;2;;1;1;0
De la Buddha la Cristos;2;39;9786067321920;1;2;;1;1;0
Inchinarea neincetata;2;36;9789738743731;1;2;;1;1;0
Depresia, boala modernitatii;2;24;9786067320282;1;2;;1;1;0
Credinte crestine;2;30;9786306521043;1;2;;1;1;0
Conversatii intime;2;48;9786068626192;1;2;;1;1;0
Biblia si studiul personal;2;39;9786068626994;1;2;;1;1;0
Dar daca e adevarat;2;46;9786068626840;1;2;;1;1;0
Biruinta asupra intunericului;2;37;9786068626291;1;2;;1;1;0
La ce te asteptai?;2;48;9786068626277;1;2;;1;1;0
Pastoriti;2;48;9786068987736;1;2;;1;1;0
Ruga in noapte;2;37;9786068987873;1;2;;1;1;0
Cum sa pastrezi dragostea vie cand memoria se stinge;2;41;9786067321258;1;2;;1;1;0
Eutanasia. Despre ce este vorba;2;22;9786067322071;1;2;;1;1;0
Innoit;2;34;9786068314747;1;2;;1;1;0
Intreg;2;31;9786068314440;1;2;;1;1;0
Recupereaza-ti viata;2;32;9786068314389;1;2;;1;1;0
Cel ce ridica rusinea;2;34;9786068314051;1;2;;1;1;0
Coplesit;2;36;9786068314150;1;2;;1;1;0
Ce gandeste Dumnezeu;2;48;9789735077075;1;2;;1;1;0
Minti imprastiate;2;60;5948417500094;1;2;;1;1;0
Bani, sex si putere;2;53;9786069499658;1;4;9786069499658.jpg;1;1;0
Mitul normalitatii.;2;95;5948417500179;1;2;;1;1;0
Exegeza Vechiului Testament;2;90;9786067322170;1;2;;1;1;0
Cu Isus pe calea rugaciunii;2;52;9789735077211;1;2;;1;1;0
Experienta spirituala si lume cotidiana;2;32;9786067118520;1;2;;1;1;0
Cum sa ramai lucid intr-o epoca a dezbinarii;2;27;9789734683208;1;2;;1;1;0
Destul - Cum sa reduci la tacere minciunile;2;45;9786068915234;1;2;;1;1;0
Apocalipsa pe neintelesul tuturor;2;30;9786069499665;1;4;9786069499665.jpg;1;1;0
Jurnalul unei epoci vol.1;2;45;9789735058111;1;2;;1;1;0
Jurnalul unei epoci vol.2;2;25;9789735058128;1;2;;1;1;0
Jurnalul unei epoci vol.3;2;36;9789735058135;1;2;;1;1;0
Misterul lui Israel;2;30;9786069659595;1;2;;1;1;0
